feature,coefficient,odds_ratio
cat__insurance_product_Medicaid Managed Care,0.632,1.881
cat__task_type_Medication Review,0.521,1.683
cat__insurance_product_Commercial Complex Care,-0.495,0.61
num__chronic_condition_count,-0.456,0.634
cat__preferred_contact_channel_SMS,-0.432,0.649
cat__task_type_Patient Outreach,0.386,1.471
cat__insurance_product_Dual Eligible,-0.383,0.682
cat__health_literacy_Unknown,0.377,1.458
num__age,0.363,1.438
cat__task_type_Care Plan Update,-0.353,0.702
cat__task_type_Provider Follow-up,-0.338,0.713
num__sdoh_positive_count,0.337,1.4
num__ckd_flag,0.334,1.397
cat__preferred_contact_channel_Phone,0.333,1.396
cat__health_literacy_Adequate,-0.316,0.729
